Time_ms,Voltage_V,Current_A,Temp_C
0,402.95292097703714,148.99133346439874,25.0
10,399.67192312552794,154.97464736330647,25.02
20,400.2349224808925,146.78090321256877,25.04
30,400.3898426988574,150.69229075014402,25.06
40,400.54275661590447,147.14251270941907,25.08
50,400.77431964666636,158.17034906046834,25.1
60,399.31406324827924,155.10931517357554,25.12
70,397.313387084715,147.09677236855666,25.14
80,398.66297092412145,151.70727999332465,25.16
90,400.7655619049862,150.75944620885946,25.18
100,398.3205696878947,149.48651621998474,25.2
110,399.2072438211024,147.59240508741615,25.22
120,398.5233630129172,152.15304716450137,25.24
130,396.4589234593045,152.66248925387083,25.26
140,401.13082155804545,147.60386128450327,25.28
150,398.71040355846407,150.4905910787942,25.3
160,399.22144792304795,155.76066226306608,25.32
170,399.91021247153606,158.22632228133662,25.34
180,401.05639611353416,150.37145676487475,25.36
190,399.3331863585662,151.37113257207915,25.38
200,399.6959439160526,153.0491245789429,25.4
210,402.0037244350452,148.42604942450433,25.42
220,400.92463467947437,154.344388425941,25.44
230,399.4897238628401,149.59384852099944,25.46
240,397.8520636276614,152.5960307242607,25.48
250,400.1394165359157,150.76693139903867,25.5
260,396.84590230587725,154.76038992629472,25.52
270,400.7448722092604,151.13397995732723,25.54
280,401.06174631449625,152.2891791459062,25.56
290,401.3224252815853,148.5417609921991,25.58
300,397.67753388007895,148.62568428196263,25.6
310,401.6223744721298,149.33400165515417,25.62
320,399.3291229229348,151.38959936465855,25.64
330,395.93797885419895,149.07594322725362,25.66
340,398.6178340999277,154.34611459035676,25.68
350,398.0780841164153,147.62036110691977,25.7
360,396.8870249937422,148.179869715945,25.72
370,399.17060938380035,146.03722298679565,25.74
380,400.29348585790876,151.26469349094037,25.76
390,401.41024965740905,145.45016295942133,25.78
400,398.3228952026413,153.7069069809836,25.8
410,399.83561816213955,146.02729865804005,25.82
420,399.0306274747443,147.36713907144346,25.84
430,399.72402456432195,154.48401137595832,25.86
440,399.16218876622855,156.10270902731398,25.88
450,398.4163580907184,149.94184219454812,25.9
460,397.9975619403397,145.45512756880626,25.92
470,401.969248511192,146.8744400771397,25.94
480,398.35018320582157,153.5733252136705,25.96
490,399.4989967290373,151.86871776218626,25.98
500,401.16167252355086,151.69229927899661,26.0
510,401.1678431394289,148.08056125875706,26.02
520,399.65826298313243,149.57887931822947,26.04
530,399.17723710324725,148.6098883422577,26.06
540,399.842103585982,145.54534384041392,26.08
550,401.8308610756938,152.7655117636447,26.1
560,398.3504219970286,150.37485218881727,26.12
570,399.45770075790995,146.88439609919584,26.14
580,397.26276882707623,150.95184971208704,26.16
590,397.150241075231,146.59295334191083,26.18
600,399.88813669291864,146.68998677414115,26.2
610,397.78039241583195,147.45403339437885,26.22
620,398.4195742435036,149.40851550698292,26.24
630,401.57334026772213,147.1245190250186,26.26
640,400.19925898190183,150.55609153112408,26.28
650,398.29561965999324,148.1890795373323,26.3
660,401.4192215547288,148.24595541068402,26.32
670,399.2800072237358,150.89428060955473,26.34
680,398.6173716238393,150.03901486256444,26.36
690,398.28016534232705,147.88444820813694,26.38
700,397.2130884055306,144.82879515141227,26.4
710,397.8765367022861,152.050855603831,26.42
720,399.4111466583275,154.1244606344995,26.44
730,399.16916140330164,146.50235517018027,26.46
740,398.9182317349175,153.49874026469539,26.48
750,398.06629948928236,153.9591228745744,26.5
760,398.6233377426169,146.27009215303227,26.52
770,398.03106196656836,156.89488809146232,26.54
780,399.40929861632213,150.6158736807234,26.56
790,396.7214017402971,152.96387500503332,26.58
800,397.161167766354,145.66010662156114,26.6
810,399.6395226160122,149.21436673412504,26.62
820,399.0385969614435,148.95045739111524,26.64
830,400.2354175688932,154.04310607325323,26.66
840,398.7238237322836,151.62289945118874,26.68
850,401.681005116849,151.7459838212776,26.7
860,398.5185754610665,145.45796517540197,26.72
870,401.9339766956779,155.10213316757608,26.74
880,399.61485549497814,148.31860623286855,26.76
890,401.0138041269664,146.23218256518504,26.78
900,397.84635249216853,155.44631054345555,26.8
910,397.8261443182955,149.46227991299287,26.82
920,397.1037067779284,152.35179609052764,26.84
930,398.9863713433064,149.68961858584595,26.86
940,396.8992261947625,149.4701554254759,26.88
950,397.8285503745806,147.09853767689864,26.9
960,400.1829350211459,150.65780104737115,26.92
970,397.2934644523723,154.71918338369295,26.94
980,399.6620161979424,150.7544081769669,26.96
990,397.1150960996956,146.5628661702216,26.98
1000,400.43573338557906,150.7960447131542,27.0
1010,399.40745774171995,150.81478453542059,27.02
1020,399.93576670255754,152.2317624858737,27.04
1030,399.5568617853307,147.48489693926714,27.06
1040,400.6792392878454,152.5980028500829,27.08
1050,399.54897767578694,144.92527752840965,27.1
1060,399.20061274591944,149.0327457624361,27.12
1070,396.32968603877134,151.43771144396638,27.14
1080,398.90052010481486,151.3510680758869,27.16
1090,397.5682873742092,144.47235115268512,27.18
1100,399.52330180181207,149.39366854390985,27.2
1110,399.70466457813626,152.9246866814205,27.22
1120,396.75425335413854,151.1466675566642,27.240000000000002
1130,400.99252541142243,150.29815754203636,27.26
1140,398.95907602221956,148.41926498904334,27.28
1150,398.87029607241436,152.2591321861094,27.3
1160,397.9754031499558,150.57364725550602,27.32
1170,396.15788806148475,149.01713324543243,27.34
1180,400.06947844245315,146.57099540967965,27.36
1190,397.7266664682344,148.1703469087023,27.38
1200,397.70656544657584,146.15747799558207,27.4
1210,401.1022336968125,155.96551175493576,27.42
1220,400.2461585107308,146.44173924789274,27.44
1230,399.00913481895503,150.1205411243151,27.46
1240,398.12980448292075,149.523473089234,27.48
1250,397.4564502189674,149.71240022546715,27.5
1260,398.0306510450631,153.65201795111665,27.52
1270,401.78002010030156,155.26805493533524,27.54
1280,399.65735917616047,149.18903395600012,27.56
1290,401.82370571377487,145.00080313161772,27.58
1300,399.11290191655576,148.15159588277996,27.6
1310,400.05832865485917,157.1937218998574,27.62
1320,395.30348911597866,150.75696500572522,27.64
1330,398.93747130427096,152.00103855909242,27.66
1340,397.2979065276029,150.80052279155197,27.68
1350,398.50589676032786,145.05952167688974,27.7
1360,397.9141297723564,147.43533493623084,27.72
1370,398.907842002393,144.50108913064676,27.740000000000002
1380,398.68690354757166,154.0526029548485,27.76
1390,401.99274384199,153.73530132814042,27.78
1400,398.1624136275647,148.6717263223994,27.8
1410,398.64698046684515,149.23626328680183,27.82
1420,399.66404007560243,147.51654115657135,27.84
1430,400.8402112519907,150.44380754091264,27.86
1440,396.86783195791946,146.9700101831496,27.88
1450,399.3252693336965,154.18759007587283,27.9
1460,400.38524204666254,154.6008936164285,27.92
1470,398.4062572685375,152.95508387650062,27.94
1480,397.5822462633114,146.53138411917718,27.96
1490,402.52983379962615,147.48696314230855,27.98
1500,396.26554332455623,153.82718838113746,28.0
1510,398.91795710185437,144.12904581921833,28.02
1520,397.2037163015194,152.57421944251286,28.04
1530,397.4741583207156,149.25090820705142,28.06
1540,397.9978466782614,149.11761243380627,28.08
1550,398.18993738541263,150.55013520641296,28.1
1560,400.55867209972524,145.88347581025388,28.12
1570,399.79619687297253,146.22258972522118,28.14
1580,398.438456591861,148.4678085286312,28.16
1590,398.63469882444963,151.01407224207176,28.18
1600,399.0127439556505,147.0626286872433,28.2
1610,401.57412638155506,149.15883898585844,28.22
1620,396.7411270340872,148.954398523506,28.240000000000002
1630,398.4057548810424,151.41953439357476,28.26
1640,401.1362733159789,150.660023701657,28.28
1650,400.9779728432128,147.69600515080313,28.3
1660,397.2083005578111,153.15188085977783,28.32
1670,397.38507525581184,149.87640410275137,28.34
1680,399.92058614195753,148.3922830890314,28.36
1690,398.9077391638075,150.6921983123317,28.38
1700,398.0579590409715,152.01419185775248,28.4
1710,400.0796133344843,149.04367985830578,28.42
1720,398.90132694256766,152.77924551599398,28.44
1730,396.58794275116884,148.10540540934684,28.46
1740,398.0844025087529,151.52030645650012,28.48
1750,399.62654387412465,150.37719225599642,28.5
1760,398.39643593644314,153.24384318336794,28.52
1770,398.33939464682305,154.0361364362884,28.54
1780,399.60299128566675,146.26090456117842,28.56
1790,397.14687274845505,146.8370847987764,28.58
1800,397.9024914601132,149.7111625507614,28.6
1810,400.3820611857118,153.82351899179744,28.62
1820,396.43172378378017,145.58191366583742,28.64
1830,399.13455851016107,153.154140952286,28.66
1840,397.60424700633206,150.16456774802836,28.68
1850,398.5219964953498,146.35641420080535,28.7
1860,400.36459994387417,149.23779095181072,28.72
1870,394.48585680382337,146.43307353151872,28.740000000000002
1880,399.28088925469973,151.31779933054153,28.76
1890,399.75181000699433,150.94769670056,28.78
1900,400.2695425043128,153.39577249994042,28.8
1910,396.0340780143985,153.0168984216275,28.82
1920,396.5789826319222,154.43746458636292,28.84
1930,398.1407378199071,154.05298597587523,28.86
1940,395.0779611814289,148.53161723439814,28.88
1950,395.51636135995875,152.65758208404966,28.9
1960,399.57441404526446,149.83406217460785,28.92
1970,397.3370926519357,151.02477088948123,28.94
1980,400.0513463871936,148.57794220561178,28.96
1990,397.95063004672653,153.23174892621802,28.98
2000,396.42841667229527,146.13438087250913,29.0
2010,399.99780912712475,151.2620088314037,29.02
2020,397.7506973542158,152.70748479450006,29.04
2030,398.38498715201524,147.73782202569777,29.060000000000002
2040,397.9910862392289,147.62677037442646,29.08
2050,398.0917912235296,149.33240668903522,29.1
2060,397.2244344456972,150.35880722802636,29.12
2070,396.7891121357219,148.25886184133503,29.14
2080,397.9327920630463,149.53754141168625,29.16
2090,398.05806349225384,148.46699263180378,29.18
2100,395.22233368488196,151.17373727421557,29.2
2110,397.0916387185737,150.94640335629114,29.22
2120,398.22425186482525,148.19854605736046,29.240000000000002
2130,398.5447189959651,150.47137147104579,29.259999999999998
2140,397.11527598243,150.3587154110656,29.28
2150,400.55093320471246,148.83927141552599,29.3
2160,397.0201867390531,151.4982358961644,29.32
2170,398.6527706458478,150.46003058445086,29.34
2180,398.02982898679437,151.26481561338383,29.36
2190,396.73231759220977,152.98114471884935,29.38
2200,398.72517965960964,150.02682589182783,29.4
2210,398.02363438527806,150.4537934426934,29.42
2220,399.26983428216323,150.60997416119153,29.44
2230,396.37250223125415,150.92222056911996,29.46
2240,396.4362924944317,150.5708312360642,29.48
2250,396.79165956309043,149.6742758837185,29.5
2260,398.25259055728947,145.99553267681853,29.52
2270,397.27905673428927,149.46870186337333,29.54
2280,396.46545129917644,146.28739491935215,29.560000000000002
2290,397.56392009110965,149.04764392685178,29.58
2300,396.45016086251456,148.24662705730913,29.6
2310,396.67049332070434,152.10490187707552,29.62
2320,397.9401401918229,145.67032848384238,29.64
2330,400.8502399581292,156.64538000392668,29.66
2340,397.5990625142911,149.70135791073423,29.68
2350,398.20690455406714,151.08587277559872,29.7
2360,396.48767885436854,145.18345611260995,29.72
2370,396.55278767912324,149.51451729904434,29.740000000000002
2380,397.7906700267375,151.2367230612387,29.759999999999998
2390,398.786344255951,149.25777907079393,29.78
2400,396.73375220203116,148.75096345902165,29.8
2410,397.7394324131143,145.49350418456413,29.82
2420,399.8476220284637,152.36119184821212,29.84
2430,395.9209844936828,145.93640368661013,29.86
2440,398.1983857418401,147.41774384218985,29.88
2450,397.6804742336108,147.6843665194337,29.9
2460,397.91242699643374,149.16174863354377,29.92
2470,397.66071086340264,152.07501511244087,29.94
2480,400.4292585962771,154.8318784641024,29.96
2490,396.31012192378347,143.09098287748316,29.98
2500,398.89061708531676,151.81790925570678,30.0
2510,395.8465690898992,146.40589694745162,30.02
2520,395.7675691488301,146.27578228205365,30.04
2530,395.45478757237044,154.36755556137305,30.060000000000002
2540,395.6214831221057,146.9411720915109,30.08
2550,398.83144612483744,148.47323762510553,30.1
2560,397.3235506581886,152.06600106263085,30.12
2570,393.8748031577755,152.74021650265658,30.14
2580,395.5256097749877,152.6698690237828,30.16
2590,399.89306417394823,150.5729571590847,30.18
2600,397.2757260555552,145.91744298490272,30.2
2610,398.14312452565287,150.67747001758082,30.22
2620,395.73801408130925,152.65772155778401,30.240000000000002
2630,396.560684776591,148.8141187468901,30.259999999999998
2640,398.774956433257,153.79336514054046,30.28
2650,396.82655282496074,146.0711835784936,30.3
2660,394.76706292826356,149.68321379610205,30.32
2670,397.44233772332063,147.34588647618668,30.34
2680,396.59546850283425,149.9028882989441,30.36
2690,397.4151239639113,153.89672621192037,30.38
2700,400.0785134191482,151.7249573621504,30.4
2710,396.7815315576237,149.2318425520902,30.42
2720,397.8874100213175,148.27936667813708,30.44
2730,399.5310252794101,146.85702744959215,30.46
2740,397.3782314220396,154.09600882939426,30.48
2750,396.3225910915863,149.8170224174081,30.5
2760,397.68682178838253,153.4270322825932,30.52
2770,395.2406151050361,148.56352281293513,30.54
2780,398.34795988115576,148.45408578569752,30.560000000000002
2790,397.0436135738903,150.26472257548528,30.58
2800,394.9704485097612,147.13102337226582,30.6
2810,397.3576400913529,150.54332850334757,30.62
2820,395.9952541016421,151.67205595785592,30.64
2830,396.165509341493,150.5033092415444,30.66
2840,397.5300261010545,149.36151162909388,30.68
2850,398.0838762075028,148.7457903690292,30.7
2860,396.607916826912,150.94086527542333,30.72
2870,398.5549739396509,153.24173689530252,30.740000000000002
2880,399.6290604185919,150.22497344173846,30.759999999999998
2890,397.7638430135871,152.0751295552876,30.78
2900,398.67865977999276,144.97908072930176,30.8
2910,396.65137384120766,147.5567618395132,30.82
2920,396.7286753466239,152.3013255431089,30.84
2930,398.9322444840753,151.18263007440578,30.86
2940,399.7401886073525,146.5648169427471,30.88
2950,396.4039421690939,143.9734407296391,30.9
2960,395.3872610465928,151.85404059370236,30.92
2970,395.3808406956835,154.2957065721199,30.94
2980,401.10415516426724,150.21242591686936,30.96
2990,397.77914498832087,153.0739317053529,30.98
3000,398.4663573648508,150.97039670318046,31.0
3010,398.3684308931748,149.25859041949857,31.02
3020,398.89471974562184,147.82475697933606,31.04
3030,397.1093183080663,151.01032717215557,31.060000000000002
3040,396.18046311991515,147.94622772585737,31.08
3050,398.57184832203006,148.73156565623816,31.1
3060,394.3989130907041,154.5194801909248,31.12
3070,398.7437572604602,146.02184914018,31.14
3080,398.22283694688167,152.8318080626436,31.16
3090,396.47898069747305,153.24341543345741,31.18
3100,397.4928298012626,150.12540367460232,31.2
3110,395.4139641316439,148.72373782305596,31.22
3120,395.48667128351525,151.1656772993136,31.240000000000002
3130,395.62191409104304,150.9972556224691,31.259999999999998
3140,394.9992603619705,154.49065867550198,31.28
3150,395.85467279238554,147.83999621090695,31.3
3160,397.2248542865086,148.15494370790026,31.32
3170,396.7667181854191,146.00135315555045,31.34
3180,398.7590907645026,149.05399529501818,31.36
3190,394.3041490193882,153.11903128295927,31.38
3200,398.16981779276375,153.10698450737112,31.4
3210,398.1616099255456,151.31751366316942,31.42
3220,398.5666909435575,150.65464470321822,31.44
3230,399.5743088393057,152.88083501013583,31.46
3240,396.204050410698,147.75241508091193,31.48
3250,395.70295939444793,150.91632449701927,31.5
3260,396.36690648970864,151.9521135220524,31.52
3270,396.5804029496649,144.36694253009236,31.54
3280,396.9017502719395,153.09627950108754,31.560000000000002
3290,394.70204680169184,147.3186474155126,31.58
3300,397.591530473425,152.49196473437985,31.6
3310,399.16514284950136,152.96428356063714,31.62
3320,394.20314711696136,151.70132695673402,31.64
3330,396.62508187027487,150.13552351727319,31.66
3340,396.3628687528959,152.92926468315562,31.68
3350,398.0237843429315,146.74440447859928,31.7
3360,396.8157813551171,150.7890724620415,31.72
3370,397.6522888983157,148.5200321338624,31.740000000000002
3380,396.4531457942274,147.22495559700968,31.759999999999998
3390,397.39255913653017,151.88238846969935,31.78
3400,393.4820346899965,152.49915557097435,31.8
3410,393.8115158310041,151.16394207375419,31.82
3420,397.14190202839615,145.76433476703465,31.84
3430,396.29883985615777,147.8437268365518,31.86
3440,396.56841773685903,152.14084157727788,31.88
3450,394.94811665182965,148.52442480887254,31.9
3460,394.6792778513982,148.9649474118487,31.92
3470,397.36381914850256,155.06096800378003,31.94
3480,396.51670737324724,144.48868876224728,31.96
3490,397.3343458062439,147.6896493284138,31.98
3500,398.7604331851664,149.08319775943355,32.0
3510,397.6479071579935,153.43661523928958,32.02
3520,399.63581027658955,142.98499053273395,32.04
3530,397.9322911913798,151.8354495091978,32.06
3540,395.9700105356497,151.1580176463193,32.08
3550,398.2573468271717,149.95810695992571,32.1
3560,393.92150156824937,151.24176459856216,32.12
3570,394.5789156646417,149.95023791897313,32.14
3580,396.90147868634944,146.18291058726277,32.16
3590,395.89838669249764,153.81054252061494,32.18
3600,394.9438084639037,151.7060031693434,32.2
3610,397.6949211663516,147.92457349036118,32.22
3620,395.19727721453756,146.9610050819367,32.24
3630,396.90477229503153,149.23939401556152,32.26
3640,396.9124985434195,149.1587209174496,32.28
3650,398.70367331407346,142.16910755215088,32.3
3660,394.03963153221565,150.16184522894025,32.32
3670,398.1893529712128,146.5431692916112,32.34
3680,398.17451937782175,149.67066404718108,32.36
3690,395.69194618100323,148.84041487954443,32.38
3700,395.70498263359525,151.78217943013084,32.4
3710,395.0288474968857,152.9421126369453,32.42
3720,396.1471894570221,147.7124183002081,32.44
3730,394.9838503681247,154.24024309262407,32.46
3740,399.2310353324883,147.8820789617079,32.480000000000004
3750,396.43627636583557,145.2164009096281,32.5
3760,393.7766877977162,154.03463362015725,32.52
3770,397.30696531489474,151.9254081862251,32.54
3780,394.67956281015114,146.9783653886822,32.56
3790,396.71468670717576,150.60122473451355,32.58
3800,396.6889393341271,152.41658734108486,32.6
3810,393.51552049357497,147.0903121738475,32.62
3820,394.96551660458454,152.822185791492,32.64
3830,394.59626595001777,149.60702384795695,32.66
3840,397.1383287878092,145.60380285569624,32.68
3850,396.1194999950743,149.22193746222908,32.7
3860,399.6883635964688,148.9667958475607,32.72
3870,396.23036744567924,153.80024967793858,32.74
3880,397.34126155158464,150.18272348059702,32.76
3890,394.5711246712401,151.8022938124149,32.78
3900,396.0428322673666,150.46125830050946,32.8
3910,397.58457789540375,147.55025998308008,32.82
3920,394.1885743565905,146.96563715723212,32.84
3930,396.2733072308843,156.45203984365787,32.86
3940,395.8214440412813,150.10948161580993,32.88
3950,394.6002930328483,151.36718893824923,32.9
3960,394.30830694024615,150.87835228996462,32.92
3970,396.9101092245299,146.26434727759164,32.94
3980,396.36507814161934,153.23007519483872,32.96
3990,397.66910765632696,149.05438313272526,32.980000000000004
4000,397.90933680609135,149.31865874955426,33.0
4010,394.57499799790173,154.88717979691506,33.019999999999996
4020,396.2495438397107,151.7816262138392,33.04
4030,396.080891549331,146.83205826584205,33.06
4040,397.0528484882595,149.73726439878897,33.08
4050,394.1059894823583,154.47249954505403,33.1
4060,393.44022566185123,153.665988022859,33.120000000000005
4070,397.41840745721123,154.5176606788478,33.14
4080,397.37970850561686,149.19381871138995,33.16
4090,394.188019684513,150.28788788473733,33.18
4100,396.271220866451,150.10391390766716,33.2
4110,397.5492205631907,147.26889685551168,33.22
4120,397.2274326978641,145.74683484756702,33.24
4130,396.38509832983823,145.73655022892146,33.26
4140,397.0030225629712,143.9103728639259,33.28
4150,397.5269065592106,148.84160197917473,33.3
4160,395.60064081870956,145.44623092666362,33.32
4170,398.1390629816829,149.39853293080157,33.34
4180,395.51840048118476,150.06183995594537,33.36
4190,393.75362029653155,152.8130597391824,33.38
4200,394.4728635812093,142.7803039705445,33.4
4210,397.4287477202106,151.6143110347975,33.42
4220,395.38613022688645,151.55969665705203,33.44
4230,395.6459033562836,144.78720433195835,33.46
4240,399.48734315403624,151.18123528225277,33.480000000000004
4250,397.25549472016525,145.00072194636874,33.5
4260,395.01391222505436,151.3327674664345,33.519999999999996
4270,397.2936574726286,152.9396296440157,33.54
4280,397.9465132469541,152.89911971754262,33.56
4290,396.9976058167067,150.6817495693095,33.58
4300,395.684943478254,149.1830850639844,33.6
4310,397.31995181231696,149.84418185243803,33.620000000000005
4320,393.35178433463847,151.6267092360883,33.64
4330,395.7089014762863,151.03772117723628,33.66
4340,393.5751090997824,149.77951582076494,33.68
4350,392.87711524799727,153.50297151060917,33.7
4360,394.3594317795349,150.72699293240763,33.72
4370,395.4258330936289,147.36209384726058,33.74
4380,393.9487858274461,145.30879873894227,33.76
4390,396.0603825053786,156.30775118396903,33.78
4400,396.88840591366306,148.44337165764495,33.8
4410,398.38914690415146,147.25757021726687,33.82
4420,396.25567120255386,149.94532878466566,33.84
4430,394.70466445676374,150.32206295455464,33.86
4440,395.03998092824554,152.31715228950944,33.88
4450,396.9304326992102,148.3194310013523,33.9
4460,397.866953335727,150.4776244780841,33.92
4470,395.37529110103435,145.6120120604072,33.94
4480,396.11311492743647,151.22489181916347,33.96
4490,394.96506976400656,151.3337659737683,33.980000000000004
4500,395.24060045839826,150.56225707620433,34.0
4510,395.6786207732731,148.77433406673097,34.019999999999996
4520,395.31841943007663,149.7440108747812,34.04
4530,393.7490217180125,152.99843417070264,34.06
4540,396.2098955859117,151.56872555263737,34.08
4550,396.5106229367126,149.52701057696294,34.1
4560,393.6387641767782,150.22107823789565,34.120000000000005
4570,393.1894168267269,147.78780970165363,34.14
4580,394.0487115171125,145.8806184179146,34.16
4590,393.4813098352881,151.67044131404725,34.18
4600,396.3717770271579,146.60999115779873,34.2
4610,397.6227579398913,148.01268170388178,34.22
4620,393.5476744386694,149.04142239406005,34.24
4630,392.5184963244467,153.1321894554612,34.26
4640,392.32310081275233,144.58288619763164,34.28
4650,395.7714607590313,150.22316678457727,34.3
4660,394.77590967046297,147.07677041544707,34.32
4670,394.7770393078026,149.5376678055748,34.34
4680,396.1107883023536,153.4726296593811,34.36
4690,396.27315446131286,147.636808571779,34.38
4700,394.5381588838956,154.34694845617167,34.4
4710,395.0889874371382,146.84463370454688,34.42
4720,395.1666212894103,151.77082947143938,34.44
4730,396.68932919010814,149.21959652973084,34.46
4740,396.4098483709356,150.05780097458637,34.480000000000004
4750,395.4738439877644,148.7199514364297,34.5
4760,394.7895952844582,151.035591717361,34.519999999999996
4770,392.4264278018156,148.64009718031355,34.54
4780,395.02843514902713,153.05149741517977,34.56
4790,396.35024829177445,148.4978614177551,34.58
4800,392.7718552839021,149.26053936613573,34.6
4810,395.96155239187306,142.02930389093572,34.620000000000005
4820,395.2097403258072,153.4062103207784,34.64
4830,395.4632526039411,148.88135118711995,34.66
4840,392.5462745552681,156.2242113999124,34.68
4850,397.1450925916018,151.73313501733517,34.7
4860,395.98582832499153,141.42428134707367,34.72
4870,394.2225869574695,148.7650259681937,34.74
4880,393.5757932519448,148.1222017964959,34.76
4890,395.63441146301386,150.1656513285986,34.78
4900,393.1228307572275,151.33684293747618,34.8
4910,394.41871759900056,146.74227857594013,34.82
4920,394.61700025470907,150.7329484704019,34.84
4930,395.38323258638843,151.3633269487857,34.86
4940,394.9740639598164,151.22471074885158,34.88
4950,396.4647135405253,148.8639481925664,34.9
4960,393.890744780718,149.33930598500055,34.92
4970,394.06579136731614,149.2864113484262,34.94
4980,396.0951801756355,149.27620384445893,34.96
4990,394.50114846171067,152.54552633598917,34.980000000000004
5000,,148.73472996855807,35.0
5010,,145.32232041588094,35.019999999999996
5020,,147.0534664651652,35.04
5030,,149.02093537847915,35.06
5040,,151.5325809877998,35.08
5050,,145.89670940030908,35.1
5060,,148.45304026377374,35.120000000000005
5070,,150.67511071528287,35.14
5080,,147.40052006173823,35.16
5090,,145.12068609178885,35.18
5100,,155.83391412618454,35.2
5110,,148.01257476458497,35.22
5120,,148.24112226174879,35.24
5130,,144.70525947178248,35.26
5140,,152.13656874039904,35.28
5150,,151.17998758680494,35.3
5160,,148.1352539358043,35.32
5170,,147.06904491903245,35.34
5180,,149.72621684217904,35.36
5190,,150.64004406880647,35.38
5200,394.619664813639,146.2272133975988,35.4
5210,393.5227572846675,148.19121769642692,35.42
5220,395.97878613225197,146.3271706053192,35.44
5230,392.92526230551937,149.6226515418707,35.46
5240,397.0296717817235,145.9769448945859,35.480000000000004
5250,396.36974326864674,150.18324148742525,35.5
5260,394.2461737215776,158.2028222413593,35.519999999999996
5270,394.70152246698484,149.8410951200035,35.54
5280,396.35100676945854,150.5585992206795,35.56
5290,394.1060022921583,151.85186552141826,35.58
5300,394.2750346167975,155.7873813022968,35.6
5310,398.01794458013427,150.14407203483722,35.620000000000005
5320,395.1743036022462,148.74326339430988,35.64
5330,396.5749445750231,154.76700159516494,35.66
5340,394.93762406901914,147.401710131732,35.68
5350,396.36939090932486,149.99937435267177,35.7
5360,394.6935689672876,148.0783497035302,35.72
5370,395.5269405931445,150.7055317827187,35.74
5380,394.3525445012208,151.14934993152505,35.76
5390,393.8615757496869,149.82500234701973,35.78
5400,391.78019055957174,151.78089109548398,35.8
5410,394.6042459514085,151.40949654305362,35.82
5420,391.8184931283512,149.6289699046338,35.84
5430,394.6600224889831,148.99357110364892,35.86
5440,397.35236231628323,150.59299438556283,35.88
5450,392.9897257993162,150.2216937396323,35.9
5460,392.63349664469143,155.08071947302537,35.92
5470,393.04786713080523,152.27003245384353,35.94
5480,393.99514076854064,152.36442374908813,35.96
5490,395.7532727845239,153.43786795783572,35.980000000000004
5500,393.39682530169836,150.95403211258852,36.0
5510,394.471819890027,145.84431727676443,36.019999999999996
5520,395.4324585819694,151.9556700896437,36.04
5530,396.7601730043436,152.04373787433093,36.06
5540,397.9297366193356,152.45848966587988,36.08
5550,393.2806016289757,144.95740929287905,36.1
5560,393.47514492358613,152.02260486220743,36.120000000000005
5570,394.5535487159223,143.25156888489283,36.14
5580,393.51537231749313,148.98222521848433,36.16
5590,394.3585647118487,152.59668904859276,36.18
5600,392.43140514039663,146.44918953798208,36.2
5610,394.14238521465256,153.1614643477819,36.22
5620,396.4607377605856,141.42135483583806,36.24
5630,395.26422404505206,154.2196587042407,36.26
5640,397.6871922881378,147.01239302471126,36.28
5650,395.31895019792586,151.8345575261055,36.3
5660,393.2068290708364,149.32878469742118,36.32
5670,394.2409524896644,149.23407567107972,36.34
5680,395.5438275676722,146.35625458854133,36.36
5690,396.3125913807938,149.43998969361618,36.38
5700,395.812150684939,160.14124049602313,36.4
5710,394.7594521306436,148.33489066205462,36.42
5720,394.6522422778809,149.46293890598895,36.44
5730,394.1443564768105,148.98790108541786,36.46
5740,392.6156244006882,150.40210695057507,36.480000000000004
5750,393.68151150775,141.88074169585613,36.5
5760,391.91062891484006,150.468113466472,36.519999999999996
5770,393.58004592766457,152.3902850792907,36.54
5780,392.9313898959295,150.11002251607988,36.56
5790,394.5159953243234,151.88283357073217,36.58
5800,396.00523930771686,151.16256879586888,36.6
5810,395.8564148290203,150.06629840540384,36.620000000000005
5820,392.11182169837195,149.07648097952153,36.64
5830,391.6293366924266,149.71463162051964,36.66
5840,394.6064407303925,144.2433374009933,36.68
5850,393.631120464826,151.6867518130758,36.7
5860,394.48654578665077,142.90245109856932,36.72
5870,393.4920368254763,150.26822988905752,36.74
5880,394.33618389415045,148.49836143760356,36.76
5890,395.1724881624419,152.54440339549794,36.78
5900,394.5831511752001,151.17903876088542,36.8
5910,396.085325751775,152.40741858448564,36.82
5920,398.04516476428296,149.10294468653063,36.84
5930,392.1400531115739,149.5982635802774,36.86
5940,394.971990737347,155.02148570891958,36.88
5950,392.7323442219351,151.58076141201278,36.9
5960,392.23324794852863,150.69210707556815,36.92
5970,395.9231845795065,154.5190849444777,36.94
5980,393.8421815250721,148.97507177310158,36.96
5990,395.98678313153164,148.32093297491613,36.980000000000004
6000,395.35511682751985,148.13785745572721,37.0
6010,393.64033310016526,151.77698634666314,37.019999999999996
6020,393.3879160700142,150.132638647978,37.04
6030,392.0483036856059,150.16982433524916,37.06
6040,393.9688557829771,149.48122376822624,37.08
6050,394.22498220753164,148.10973771956344,37.1
6060,393.49723078302105,153.47406971551578,37.120000000000005
6070,393.5116172267802,152.36191801807018,37.14
6080,395.46930720157866,147.94696632045907,37.16
6090,394.00062437036115,151.1270275402897,37.18
6100,394.5074704359594,151.7458041503045,37.2
6110,394.74380115759556,152.34016917698452,37.22
6120,396.86698122659016,151.1392176957419,37.24
6130,393.5751813649423,156.4072386176364,37.26
6140,395.3758441864857,147.7434917096257,37.28
6150,393.63135262632466,150.22854031867345,37.3
6160,392.99656549061956,151.13761260298742,37.32
6170,390.16031531946527,145.441398241012,37.34
6180,396.9113191179968,140.62854553073163,37.36
6190,392.3135325381961,145.648260093685,37.38
6200,393.08516157642833,148.81891484015995,37.4
6210,392.18787947727947,155.9504137151505,37.42
6220,392.4774297946803,145.44948192613703,37.44
6230,393.8999919931228,146.51363528534688,37.46
6240,394.6830538312824,145.6891473642655,37.480000000000004
6250,392.8710667851335,144.94875491300184,37.5
6260,394.7453967833339,149.21133450274917,37.519999999999996
6270,395.1151152030308,151.32683635859686,37.54
6280,393.23484263930055,149.7563417381634,37.56
6290,395.5133718936183,153.64326108244154,37.58
6300,393.48166753221193,146.84512084514154,37.6
6310,393.07795118484154,149.17589964890348,37.620000000000005
6320,392.91641087254095,150.68009845683264,37.64
6330,394.7243473932774,153.15549457875485,37.66
6340,389.85875998504525,144.05224781301877,37.68
6350,392.2546199688575,152.18404786047833,37.7
6360,389.56641619624463,146.4916248699029,37.72
6370,392.9276715648271,148.76776972207128,37.74
6380,394.37311549360027,150.70830445846494,37.76
6390,393.58833919416645,151.47208298218123,37.78
6400,394.65447616616484,153.3967401585461,37.8
6410,393.8143180238463,148.84640121447313,37.82
6420,396.0061126111153,152.43494539659562,37.84
6430,393.64170712293895,151.375365049138,37.86
6440,392.63095854224537,151.2803633470249,37.88
6450,391.0381890834979,152.68425790711254,37.9
6460,394.8093484929702,152.74273912422746,37.92
6470,394.149275322715,145.3407467756007,37.94
6480,392.6699572139475,152.66144834458566,37.96
6490,392.955893496182,150.84617424425818,37.980000000000004
6500,395.52774005548815,152.85253647308338,38.0
6510,392.86350021849785,145.66917141092614,38.019999999999996
6520,392.0294094001207,152.3929668414732,38.04
6530,392.59464887997933,145.9486573450602,38.06
6540,393.6759703676813,151.47152380334975,38.08
6550,394.2939634200782,152.7375093976567,38.1
6560,393.9709407921077,147.3795021973252,38.120000000000005
6570,393.8655328098885,148.74267154575472,38.14
6580,395.39920338524325,149.80498671432625,38.16
6590,394.0560564237732,153.5091041302213,38.18
6600,393.5569891974842,151.1871623465018,38.2
6610,392.48607286723865,146.17957842701878,38.22
6620,393.6425985998935,148.5633809992256,38.24
6630,394.4474999235352,152.8772456899993,38.26
6640,390.316501437584,147.8124408031957,38.28
6650,392.51152412150464,148.9557187757207,38.3
6660,395.8079427495114,150.05433847209085,38.32
6670,395.24212546868443,154.88949121144924,38.34
6680,394.45981477730476,146.29927410840438,38.36
6690,392.6442601145353,150.24765315651015,38.38
6700,393.6835601743513,154.29849239939955,38.4
6710,394.9450224265051,148.08552634729716,38.42
6720,390.4977436234455,150.23336874091044,38.44
6730,392.98753252228596,147.9817579070518,38.46
6740,393.04145092700173,149.63622990918364,38.480000000000004
6750,392.7809720263212,154.4068594331386,38.5
6760,393.6665335702165,151.15563354366955,38.519999999999996
6770,391.6634548243639,151.47581253475425,38.54
6780,391.6050157535811,148.82874080100189,38.56
6790,392.41192301108816,147.7426796299417,38.58
6800,395.3752945702345,146.2284232548358,38.6
6810,392.84922489001127,151.42531411519732,38.620000000000005
6820,393.45472647969245,151.73461228865426,38.64
6830,393.3220208362113,150.40381673007516,38.66
6840,389.51843160576914,142.41544219882113,38.68
6850,393.86511520865355,152.92389299766938,38.7
6860,390.509704620569,153.32050748585178,38.72
6870,396.07062396240326,146.48198072228297,38.74
6880,393.8567722175024,149.82336393621168,38.76
6890,394.6190130285029,147.84146548112025,38.78
6900,393.9363432014873,152.03382783129726,38.8
6910,396.68495484380327,145.51651253001376,38.82
6920,392.83922874858774,152.81783142964446,38.84
6930,392.61600763430414,143.89572019138504,38.86
6940,392.32789464812384,151.51130569178673,38.88
6950,391.2687977372641,151.05085738942344,38.9
6960,396.52423766414415,151.65536636275993,38.92
6970,394.01433849655893,153.80635231249678,38.94
6980,391.533231527383,154.02606649422117,38.96
6990,392.2812854568146,146.69556439057283,38.980000000000004
7000,395.22031642634687,148.39707348267942,39.0
7010,391.68835108527014,149.36856541343212,39.019999999999996
7020,393.1804915180585,150.63749815301577,39.04
7030,393.30620986181475,149.5896799939144,39.06
7040,393.73457597681687,147.53161726960556,39.08
7050,393.3928966384583,150.28603152523382,39.1
7060,391.38285023632875,153.4356949356031,39.120000000000005
7070,393.4601220838751,148.4969442577178,39.14
7080,392.8765987041006,148.12786023284588,39.16
7090,395.1449713865282,151.1540357858552,39.18
7100,393.31016868279295,150.49026530707764,39.2
7110,392.71655733074397,152.67532640576908,39.22
7120,393.077137590511,151.56331364880177,39.24
7130,393.28618880988165,156.2757260655037,39.26
7140,396.2622606233834,150.62503620273276,39.28
7150,393.78487263734706,147.43135246322714,39.3
7160,393.21795841156313,149.08844746187364,39.32
7170,395.16414240636766,150.75416674499306,39.34
7180,393.9552100728628,150.1846098006548,39.36
7190,392.34645199688384,150.4880518874717,39.38
7200,394.20863664713175,146.77214982294336,39.4
7210,393.93324844905663,144.25847503427772,39.42
7220,394.09956643272903,153.9004568625054,39.44
7230,392.3186547436044,151.57390852936646,39.46
7240,392.5031633405038,150.266235581918,39.480000000000004
7250,392.45051876952806,147.07475141027908,39.5
7260,396.05411172217725,148.96934551213832,39.519999999999996
7270,391.4943211919902,146.85506709733684,39.54
7280,393.7100758135389,152.66548756042104,39.56
7290,392.4878873508509,148.39172315525636,39.58
7300,391.76646442368286,159.77628183309852,39.6
7310,394.34296953341635,151.82501540997288,39.620000000000005
7320,391.5373090745032,148.75175280510146,39.64
7330,390.73457012837184,148.2777759932948,39.66
7340,394.4937724758577,151.3996269704478,39.68
7350,392.37841344871106,143.16150726822957,39.7
7360,395.2138335329688,148.4949345484895,39.72
7370,391.05522446798034,146.59359694002842,39.74
7380,393.38884551487087,150.65670840524538,39.76
7390,392.4659369792538,154.5099843953449,39.78
7400,393.6112490812969,143.89085691952934,39.8
7410,394.26531389902954,151.71897817393872,39.82
7420,392.2229637275226,152.97242870352787,39.84
7430,392.5331468201043,150.1104802462985,39.86
7440,393.50866076732234,146.54581667070843,39.88
7450,393.9273641355062,152.92030087129262,39.9
7460,392.6329020743827,155.15431957352953,39.92
7470,391.5888710019668,151.99062730483348,39.94
7480,392.9104163184679,153.28300218513257,39.96
7490,392.6963637992868,144.31847961397503,39.980000000000004
7500,391.78738237031024,149.9466305488767,40.0
7510,390.41896737017737,158.03363422354795,40.019999999999996
7520,393.0926762692842,147.61104571930565,40.04
7530,392.96757669232016,150.1763215884128,40.06
7540,395.25950817809036,145.86915274005995,40.08
7550,393.74635512688565,145.178555165479,40.1
7560,391.2132580586243,146.40475609292423,40.120000000000005
7570,393.12675876312045,153.60706341339446,40.14
7580,390.75902594234924,151.5876679192265,40.16
7590,390.11414236294763,148.9515923835176,40.18
7600,393.12146736243295,149.7303262268512,40.2
7610,389.4901244580458,149.39720592747574,40.22
7620,390.07133158374467,142.3603923074657,40.24
7630,395.0961297219258,151.10561244439802,40.26
7640,394.9925176980445,148.24012266564122,40.28
7650,392.38163968938886,150.05915483890604,40.3
7660,393.63730289889884,151.03152480513623,40.32
7670,390.7497758134605,142.59931390804047,40.34
7680,393.8460887236018,146.43931468810516,40.36
7690,389.32086258978484,148.15611680113477,40.38
7700,392.2483526980721,149.62739229505706,40.4
7710,391.6703686919095,145.82205841928075,40.42
7720,391.70833469236754,152.49224229820643,40.44
7730,389.4989195447454,160.76505438013342,40.46
7740,391.44851216770644,151.5877814761147,40.480000000000004
7750,393.40629006127415,151.0811521249709,40.5
7760,394.20889987451216,151.6191498744024,40.519999999999996
7770,391.80508048094964,150.34151627938317,40.54
7780,391.45912639059185,150.36026481657797,40.56
7790,392.6794898180128,153.73399727585021,40.58
7800,388.51767441467626,148.18571455354876,40.6
7810,392.24181522719533,145.3867761895886,40.620000000000005
7820,393.41198354562096,149.40286454983516,40.64
7830,389.8363745106701,146.68278028300307,40.66
7840,391.564100661448,149.87646171331812,40.68
7850,390.81847981240816,151.99326929104518,40.7
7860,391.5183719664018,148.59060562841748,40.72
7870,390.98940053089325,144.27323263676263,40.74
7880,391.1261645050719,150.6007545223116,40.76
7890,390.5347472060139,150.464935252569,40.78
7900,394.1602232645162,152.7588753513309,40.8
7910,393.921253871717,143.4423079436785,40.82
7920,391.4706790504188,153.77410102966462,40.84
7930,392.08760519916524,151.4503976561456,40.86
7940,390.755802003955,153.16827969089326,40.88
7950,392.3664681562263,150.5430545385895,40.9
7960,389.4319704127927,143.81557961566796,40.92
7970,389.5731296437805,147.72337447711467,40.94
7980,392.9676828880777,151.45946747493056,40.96
7990,393.06204393224147,154.8671526866593,40.980000000000004
8000,393.51462374320045,147.30035373887415,41.0
8010,390.1735034545533,153.30754409679074,41.019999999999996
8020,392.4507410076935,148.29120126805907,41.04
8030,390.95540699295816,153.31457058613407,41.06
8040,389.92406217102626,154.29867597345842,41.08
8050,392.3976586817355,153.6378998326478,41.1
8060,391.8803608176474,151.24583725682245,41.120000000000005
8070,393.27678745209687,156.7626941771981,41.14
8080,391.2768845139497,145.1786648460933,41.16
8090,391.13374200803065,152.76795980641933,41.18
8100,388.50163869220853,154.5982872784278,41.2
8110,392.19442971165165,153.06125592708344,41.22
8120,393.91764278145985,147.4311636157245,41.24
8130,393.9175946370368,149.24184016078095,41.260000000000005
8140,392.96270011029407,148.88471119353378,41.28
8150,391.41145755852807,150.0611806767787,41.3
8160,391.3541661426015,145.31223005933313,41.32
8170,391.3773991423034,149.87282604199646,41.34
8180,391.8407731055982,146.71398643513828,41.36
8190,393.32981668762267,144.19113417043528,41.379999999999995
8200,393.5567801773084,151.1770205806747,41.4
8210,390.8874465138533,156.40190396265476,41.42
8220,392.29987384823073,151.95704945583483,41.44
8230,391.5618153188923,150.50351545182983,41.46
8240,389.63066797614823,156.46433105912965,41.480000000000004
8250,390.49996703763236,143.96321462707607,41.5
8260,391.9333522781324,152.26848226550092,41.519999999999996
8270,392.04400679563395,152.5779459478242,41.54
8280,390.152087252638,152.81788567474632,41.56
8290,390.1799172814196,155.42590916852984,41.58
8300,391.7755614918013,146.32141095549022,41.6
8310,389.2351602465711,150.21285286374692,41.620000000000005
8320,392.00996333962007,150.17448527043928,41.64
8330,392.0171030298031,150.2761745445529,41.66
8340,390.63189432427697,148.16451875768936,41.68
8350,390.7597237139156,157.79150641819808,41.7
8360,393.0830762201763,152.49148961109154,41.72
8370,390.94961995596503,151.91073483936484,41.74
8380,389.0505896988875,149.77955418864323,41.760000000000005
8390,392.7408444631131,148.50319282540215,41.78
8400,390.48014839821855,153.4079305342137,41.8
8410,389.8221585739575,154.67838587112462,41.82
8420,393.4722317457696,146.29015190422848,41.84
8430,392.6513513223314,144.28305057677628,41.86
8440,391.22558465116435,153.10670945538985,41.879999999999995
8450,393.20176511617984,149.25317004804657,41.9
8460,395.600749712891,148.54010330779533,41.92
8470,389.89551689483665,147.59655416858985,41.94
8480,393.5628199387281,149.58841887580527,41.96
8490,391.33788329993644,156.1459054542305,41.980000000000004
8500,392.25108214351593,149.194771372864,42.0
8510,391.5332944103629,148.52350122570533,42.019999999999996
8520,390.83466211681633,150.40197216762763,42.04
8530,391.49426044857853,148.73561881710017,42.06
8540,390.73889931440834,149.7564092630825,42.08
8550,389.6103612060809,148.36959267480123,42.1
8560,390.0512024083479,153.03457412994874,42.120000000000005
8570,390.8786430187649,150.92270047616867,42.14
8580,393.5498372012004,147.25620871294993,42.16
8590,392.35474596794944,145.39169248236513,42.18
8600,390.031029795736,141.56304409656377,42.2
8610,389.82688624948304,151.61718755530086,42.22
8620,392.89197257886485,146.5591136303781,42.24
8630,388.3355254912502,151.90024531859848,42.260000000000005
8640,391.73211785331273,151.04395876335542,42.28
8650,392.76593678606906,154.90594065270622,42.3
8660,392.5937749883405,151.27680779105992,42.32
8670,390.0554991252524,151.07666816919718,42.34
8680,389.38480184625854,147.70373438657202,42.36
8690,392.5185068072536,152.07003407215274,42.379999999999995
8700,391.10288848789975,149.28592467925466,42.400000000000006
8710,391.9887762129679,148.57421875179693,42.42
8720,392.3942438396014,148.9411895498307,42.44
8730,390.4492093952839,147.3795180024831,42.46
8740,391.2507832193735,146.28508043062203,42.480000000000004
8750,386.86673648886574,150.85901506077786,42.5
8760,389.6902594794038,153.65256972830122,42.519999999999996
8770,392.95390303237957,152.03933337686067,42.54
8780,392.864338862115,147.21029723596425,42.56
8790,389.7264471406181,147.61845924185147,42.58
8800,393.4677622272351,145.3736885537938,42.6
8810,393.1583320992865,148.81103774452984,42.620000000000005
8820,389.6360839696394,150.72652920955952,42.64
8830,388.9168417768576,145.93288637413048,42.66
8840,394.23967670018226,151.82693274025127,42.68
8850,393.7417051232417,151.07570697381524,42.7
8860,391.61563529244563,150.76747359386601,42.72
8870,391.3444916174965,153.05314989707915,42.74
8880,390.44695252761,156.93933909852421,42.760000000000005
8890,392.3229195082179,150.56340947869774,42.78
8900,391.0774453647281,148.16693771619114,42.8
8910,391.23216162713436,150.9369423598551,42.82
8920,390.66299467065744,153.40018803036335,42.84
8930,390.8046350609687,152.7382665361916,42.86
8940,388.76583630852696,151.10469420128473,42.879999999999995
8950,390.6045679406093,147.1685109806916,42.900000000000006
8960,389.5539378644184,152.38724171555808,42.92
8970,391.21629085853596,152.89392098201242,42.94
8980,389.9995263614629,149.33788728854654,42.96
8990,389.3386363999742,144.98420217627998,42.980000000000004
9000,389.8741532688066,150.01074826092676,43.0
9010,390.2132954338987,147.2581816241543,43.019999999999996
9020,392.19011621993417,149.64080820171313,43.04
9030,392.1115333585273,152.4830245027425,43.06
9040,389.6282065658612,151.27175156217268,43.08
9050,391.1729485067205,148.67042532643976,43.1
9060,389.8355504495491,151.09411030147749,43.120000000000005
9070,391.2401182305034,150.29038637123472,43.14
9080,391.67260922647324,150.18750118450274,43.16
9090,391.5710889215328,150.18631852186192,43.18
9100,390.9389318032275,152.05779988393274,43.2
9110,390.9058318188618,148.74647544578306,43.22
9120,387.8053481500176,151.04049665694902,43.24
9130,389.00536387595895,150.1441449715702,43.260000000000005
9140,390.06564974466613,149.63376473078574,43.28
9150,391.68091542869695,152.7828745124,43.3
9160,392.1554986732717,152.0050837400188,43.32
9170,392.56856866505905,148.79742729229557,43.34
9180,390.573538841493,145.54517906938278,43.36
9190,391.41941256137034,149.24254756666883,43.379999999999995
9200,391.42174626156867,152.07649356781374,43.400000000000006
9210,391.2939864558432,148.83093363305449,43.42
9220,387.8376360788534,151.64960364844475,43.44
9230,392.11332836839176,147.36335902797487,43.46
9240,393.4264361922016,150.5835600400564,43.480000000000004
9250,391.3225473736479,155.83099096158585,43.5
9260,390.11612767351363,150.94271318912297,43.519999999999996
9270,391.3674168688502,151.67304500529173,43.54
9280,392.1559452877188,150.20461994155235,43.56
9290,391.2123498188857,146.26575676688032,43.58
9300,393.1917856843202,151.4469198774506,43.6
9310,390.52918084231703,150.66467647208205,43.620000000000005
9320,389.70993507338056,143.03622530957307,43.64
9330,390.24009041639965,152.88525462777406,43.66
9340,391.07485029923015,147.13966632214206,43.68
9350,390.05173815946534,150.5234923400247,43.7
9360,392.6808805778615,148.9304135627073,43.72
9370,390.7657555706789,148.9197204705073,43.74
9380,388.30906105124006,151.48553674685098,43.760000000000005
9390,392.2515516836589,146.5206358154283,43.78
9400,390.42989974832074,149.39449209985824,43.8
9410,393.68881441621727,144.13471452546958,43.82
9420,392.42416401559296,156.2018795892873,43.84
9430,388.9323377425251,153.09647520571215,43.86
9440,390.5731624960867,148.36796806106824,43.879999999999995
9450,390.03635061150425,145.6390548908148,43.900000000000006
9460,391.1329672315234,148.1369692666708,43.92
9470,390.1588764675655,147.60144150965226,43.94
9480,391.2638915930825,151.97287334470127,43.96
9490,391.33085976835935,150.74585618811489,43.980000000000004
9500,392.76287877989716,144.6618431823924,44.0
9510,389.90762787730984,147.43879710448803,44.019999999999996
9520,393.30096772345746,144.36147378127953,44.04
9530,388.92227838804536,147.29788695348788,44.06
9540,391.9626298724077,143.6841232737932,44.08
9550,389.91806346299,151.20160435118257,44.1
9560,389.9541117349204,154.595118130814,44.120000000000005
9570,390.4308700194218,149.55928184662113,44.14
9580,390.9930881008503,151.66619374400727,44.16
9590,391.26482720980056,149.28365651479166,44.18
9600,389.077269066094,144.64086435694242,44.2
9610,391.2480086035106,149.36115796600825,44.22
9620,391.950668173061,146.65816633057804,44.24
9630,389.2017663624408,147.1971032242089,44.260000000000005
9640,388.79516349888326,147.31490186419074,44.28
9650,389.3049126227155,152.14198252165204,44.3
9660,392.1868489891766,150.92578379599357,44.32
9670,389.1649539544718,145.2834879372753,44.34
9680,389.17061499236814,151.59945065244952,44.36
9690,392.16742596414383,153.99314555539405,44.379999999999995
9700,392.4101773630057,148.30985543644786,44.400000000000006
9710,391.37416031156965,147.0819467326801,44.42
9720,390.6256031803805,148.5735038565049,44.44
9730,391.25611747070116,144.63770422173903,44.46
9740,390.92035080912444,153.0372918358716,44.480000000000004
9750,390.8889560781172,148.50604861280215,44.5
9760,388.4979256330227,146.4855991575487,44.519999999999996
9770,392.5162372002128,157.20381867275123,44.54
9780,390.2315609160429,155.57542491064004,44.56
9790,390.7728869084216,148.04371882495326,44.58
9800,390.09502072144625,150.03983729195474,44.6
9810,391.4187152773422,151.84763660165626,44.620000000000005
9820,389.0682564629617,152.07596583734676,44.64
9830,391.26839204034417,148.92619039639402,44.66
9840,390.3956160854493,153.12543265122403,44.68
9850,391.3720550432897,148.53121407257564,44.7
9860,390.05485540682923,149.47430840057348,44.72
9870,392.8410332527092,148.2751931255233,44.74
9880,391.2244674978625,147.1594814858809,44.760000000000005
9890,389.2572040376847,148.54618562653263,44.78
9900,390.7916444375644,150.150778670975,44.8
9910,390.2980818485211,151.29532182731134,44.82
9920,389.4279051626504,148.9104175511609,44.84
9930,390.43795678136104,153.71181335389508,44.86
9940,389.9953808354398,153.00877637594738,44.879999999999995
9950,389.11711556256836,143.7419787541469,44.900000000000006
9960,392.1019561783998,147.4431904261267,44.92
9970,388.80233910554415,153.65135617201767,44.94
9980,390.034998358053,148.6838804928032,44.96
9990,389.99134648928396,150.25858891311785,44.980000000000004
